{
  "Ansi 4 Color" : {
    "Red Component" : 0.37254902720451355,
    "Color Space" : "sRGB",
    "Blue Component" : 0.84313726425170898,
    "Alpha Component" : 1,
    "Green Component" : 0.68627452850341797
  },
  "Tags" : [

  ],
  "Ansi 12 Color" : {
    "Red Component" : 0.52941179275512695,
    "Color Space" : "sRGB",
    "Blue Component" : 0.84313726425170898,
    "Alpha Component" : 1,
    "Green Component" : 0.68627452850341797
  },
  "Set Local Environment Vars" : true,
  "Draw Powerline Glyphs" : true,
  "Bold Color" : {
    "Red Component" : 0.93333333730697632,
    "Color Space" : "sRGB",
    "Blue Component" : 0.93333333730697632,
    "Alpha Component" : 1,
    "Green Component" : 0.93333333730697632
  },
  "Use Non-ASCII Font" : true,
  "Ansi 5 Color" : {
    "Red Component" : 0.68627452850341797,
    "Color Space" : "sRGB",
    "Blue Component" : 1,
    "Alpha Component" : 1,
    "Green Component" : 0.68627452850341797
  },
  "Ansi 8 Color" : {
    "Red Component" : 0.54117649793624878,
    "Color Space" : "sRGB",
    "Blue Component" : 0.54117649793624878,
    "Alpha Component" : 1,
    "Green Component" : 0.54117649793624878
  },
  "Rows" : 25,
  "Default Bookmark" : "No",
  "Ansi 9 Color" : {
    "Red Component" : 0.84313726425170898,
    "Color Space" : "sRGB",
    "Blue Component" : 0.37254902720451355,
    "Alpha Component" : 1,
    "Green Component" : 0.37254902720451355
  },
  "Blend" : 0.050000000000000003,
  "Ansi 7 Color" : {
    "Red Component" : 0.85490196943283081,
    "Color Space" : "sRGB",
    "Blue Component" : 0.85490196943283081,
    "Alpha Component" : 1,
    "Green Component" : 0.85490196943283081
  },
  "Link Color" : {
    "Red Component" : 0.52941179275512695,
    "Color Space" : "sRGB",
    "Blue Component" : 0.84313726425170898,
    "Alpha Component" : 1,
    "Green Component" : 0.68627452850341797
  },
  "Cursor Guide Color" : {
    "Red Component" : 0,
    "Color Space" : "sRGB",
    "Blue Component" : 0,
    "Alpha Component" : 1,
    "Green Component" : 0
  },
  "Non-ASCII Anti Aliased" : true,
  "Use Bright Bold" : true,
  "Ansi 10 Color" : {
    "Red Component" : 0.68627452850341797,
    "Color Space" : "sRGB",
    "Blue Component" : 0.68627452850341797,
    "Alpha Component" : 1,
    "Green Component" : 0.84313726425170898
  },
  "Ambiguous Double Width" : false,
  "Jobs to Ignore" : [
    "rlogin",
    "ssh",
    "slogin",
    "telnet"
  ],
  "Ansi 15 Color" : {
    "Red Component" : 0.85490196943283081,
    "Color Space" : "sRGB",
    "Blue Component" : 0.85490196943283081,
    "Alpha Component" : 1,
    "Green Component" : 0.85490196943283081
  },
  "Foreground Color" : {
    "Red Component" : 0.81568628549575806,
    "Color Space" : "sRGB",
    "Blue Component" : 0.81568628549575806,
    "Alpha Component" : 1,
    "Green Component" : 0.81568628549575806
  },
  "Bound Hosts" : [

  ],
  "Working Directory" : "\/Users\/japanet\/Documents\/Repositories\/menu_project",
  "Blinking Cursor" : true,
  "Disable Window Resizing" : true,
  "Sync Title" : false,
  "Prompt Before Closing 2" : false,
  "BM Growl" : true,
  "Mouse Reporting" : true,
  "Command" : "",
  "Description" : "Default",
  "Screen" : -1,
  "Selection Color" : {
    "Red Component" : 0,
    "Color Space" : "sRGB",
    "Blue Component" : 0.37254902720451355,
    "Alpha Component" : 1,
    "Green Component" : 0.37254902720451355
  },
  "Only The Default BG Color Uses Transparency" : true,
  "Columns" : 80,
  "Idle Code" : 0,
  "Background Image Mode" : 2,
  "Ansi 13 Color" : {
    "Red Component" : 0.68627452850341797,
    "Color Space" : "sRGB",
    "Blue Component" : 0.84313726425170898,
    "Alpha Component" : 1,
    "Green Component" : 0.68627452850341797
  },
  "Custom Command" : "No",
  "ASCII Anti Aliased" : true,
  "Non Ascii Font" : "MesloLGS-NF-Regular 12",
  "Vertical Spacing" : 1,
  "Use Bold Font" : true,
  "Option Key Sends" : 0,
  "Selected Text Color" : {
    "Red Component" : 0.93333333730697632,
    "Color Space" : "sRGB",
    "Blue Component" : 0.93333333730697632,
    "Alpha Component" : 1,
    "Green Component" : 0.93333333730697632
  },
  "Background Color" : {
    "Red Component" : 0.10980392247438431,
    "Color Space" : "sRGB",
    "Blue Component" : 0.10980392247438431,
    "Alpha Component" : 1,
    "Green Component" : 0.10980392247438431
  },
  "Character Encoding" : 4,
  "Ansi 11 Color" : {
    "Red Component" : 0.84313726425170898,
    "Color Space" : "sRGB",
    "Blue Component" : 0.68627452850341797,
    "Alpha Component" : 1,
    "Green Component" : 0.84313726425170898
  },
  "Use Italic Font" : true,
  "Unlimited Scrollback" : false,
  "Keyboard Map" : {
    "0xf700-0x260000" : {
      "Text" : "[1;6A",
      "Action" : 10
    },
    "0x37-0x40000" : {
      "Text" : "0x1f",
      "Action" : 11
    },
    "0x32-0x40000" : {
      "Text" : "0x00",
      "Action" : 11
    },
    "0xf709-0x20000" : {
      "Text" : "[17;2~",
      "Action" : 10
    },
    "0xf70c-0x20000" : {
      "Text" : "[20;2~",
      "Action" : 10
    },
    "0xf729-0x20000" : {
      "Text" : "[1;2H",
      "Action" : 10
    },
    "0xf72b-0x40000" : {
      "Text" : "[1;5F",
      "Action" : 10
    },
    "0xf705-0x20000" : {
      "Text" : "[1;2Q",
      "Action" : 10
    },
    "0xf703-0x260000" : {
      "Text" : "[1;6C",
      "Action" : 10
    },
    "0xf700-0x220000" : {
      "Text" : "[1;2A",
      "Action" : 10
    },
    "0xf701-0x280000" : {
      "Text" : "0x1b 0x1b 0x5b 0x42",
      "Action" : 11
    },
    "0x38-0x40000" : {
      "Text" : "0x7f",
      "Action" : 11
    },
    "0x33-0x40000" : {
      "Text" : "0x1b",
      "Action" : 11
    },
    "0xf703-0x220000" : {
      "Text" : "[1;2C",
      "Action" : 10
    },
    "0xf701-0x240000" : {
      "Text" : "[1;5B",
      "Action" : 10
    },
    "0xf70d-0x20000" : {
      "Text" : "[21;2~",
      "Action" : 10
    },
    "0xf702-0x260000" : {
      "Text" : "[1;6D",
      "Action" : 10
    },
    "0xf729-0x40000" : {
      "Text" : "[1;5H",
      "Action" : 10
    },
    "0xf706-0x20000" : {
      "Text" : "[1;2R",
      "Action" : 10
    },
    "0x34-0x40000" : {
      "Text" : "0x1c",
      "Action" : 11
    },
    "0xf700-0x280000" : {
      "Text" : "0x1b 0x1b 0x5b 0x41",
      "Action" : 11
    },
    "0x2d-0x40000" : {
      "Text" : "0x1f",
      "Action" : 11
    },
    "0xf70e-0x20000" : {
      "Text" : "[23;2~",
      "Action" : 10
    },
    "0xf702-0x220000" : {
      "Text" : "[1;2D",
      "Action" : 10
    },
    "0xf703-0x280000" : {
      "Text" : "0x1b 0x1b 0x5b 0x43",
      "Action" : 11
    },
    "0xf700-0x240000" : {
      "Text" : "[1;5A",
      "Action" : 10
    },
    "0xf707-0x20000" : {
      "Text" : "[1;2S",
      "Action" : 10
    },
    "0xf70a-0x20000" : {
      "Text" : "[18;2~",
      "Action" : 10
    },
    "0x35-0x40000" : {
      "Text" : "0x1d",
      "Action" : 11
    },
    "0xf70f-0x20000" : {
      "Text" : "[24;2~",
      "Action" : 10
    },
    "0xf703-0x240000" : {
      "Text" : "[1;5C",
      "Action" : 10
    },
    "0xf701-0x260000" : {
      "Text" : "[1;6B",
      "Action" : 10
    },
    "0xf702-0x280000" : {
      "Text" : "0x1b 0x1b 0x5b 0x44",
      "Action" : 11
    },
    "0xf72b-0x20000" : {
      "Text" : "[1;2F",
      "Action" : 10
    },
    "0x36-0x40000" : {
      "Text" : "0x1e",
      "Action" : 11
    },
    "0xf708-0x20000" : {
      "Text" : "[15;2~",
      "Action" : 10
    },
    "0xf701-0x220000" : {
      "Text" : "[1;2B",
      "Action" : 10
    },
    "0xf70b-0x20000" : {
      "Text" : "[19;2~",
      "Action" : 10
    },
    "0xf702-0x240000" : {
      "Text" : "[1;5D",
      "Action" : 10
    },
    "0xf704-0x20000" : {
      "Text" : "[1;2P",
      "Action" : 10
    }
  },
  "Window Type" : 12,
  "Blur Radius" : 4.3808178191489384,
  "Cursor Type" : 0,
  "Blur" : false,
  "Initial Text" : "neofetch",
  "Badge Color" : {
    "Red Component" : 0.8438720703125,